"Day ","Items ","Note ","Amount "
"90","Marketing Expense","Cash Payment - Marketing Report Subscription","20000"
"90","Salary Expense","Cash Payment - Salary Expense","31944"
"90","Shipping Expense","Cash Payment - Shipping Expense - WEB SO : 15828","22"
"90","Rental Expense","Cash Payment - Rental - Los Angeles","1200"
"90","Rental Expense","Cash Payment - Rental - New York","8040"
"90","Rental Expense","Cash Payment - Rental - San Francisco","4480"
"90","Rental Expense","Cash Payment - Rental - Washington, D.C.","4880"
"90","Rental Expense","Cash Payment - Rental - Detroit","1200"
"90","Rental Expense","Cash Payment - Rental - Chicago","3700"
"89","Marketing Expense","Cash Payment - Marketing Report Subscription","20000"
"89","Salary Expense","Cash Payment - Salary Expense","31944"
"89","Shipping Expense","Cash Payment - Shipping Expense - WEB SO : 15625","134"
"89","Rental Expense","Cash Payment - Rental - Los Angeles","1200"
"89","Rental Expense","Cash Payment - Rental - New York","8040"
"89","Rental Expense","Cash Payment - Rental - San Francisco","4480"
"89","Rental Expense","Cash Payment - Rental - Washington, D.C.","4880"
"89","Rental Expense","Cash Payment - Rental - Detroit","1200"
"89","Rental Expense","Cash Payment - Rental - Chicago","3700"
"88","Marketing Expense","Cash Payment - Marketing Report Subscription","20000"
"88","Salary Expense","Cash Payment - Salary Expense","31944"
"88","Shipping Expense","Cash Payment - Shipping Expense - WEB SO : 14922","89"
"88","Shipping Expense","Cash Payment - Shipping Expense - WEB SO : 15077","76"
"88","Shipping Expense","Cash Payment - Shipping Expense - WEB SO : 15411","135"
"88","Shipping Expense","Cash Payment - Shipping Expense - WEB SO : 15434","205"
"88","Shipping Expense","Cash Payment - Shipping Expense - WEB SO : 15446","197"
"88","Rental Expense","Cash Payment - Rental - Los Angeles","1200"
"88","Rental Expense","Cash Payment - Rental - New York","8040"
"88","Rental Expense","Cash Payment - Rental - San Francisco","4480"
"88","Rental Expense","Cash Payment - Rental - Washington, D.C.","4880"
"88","Rental Expense","Cash Payment - Rental - Detroit","1200"
"88","Rental Expense","Cash Payment - Rental - Chicago","3700"
"87","Salary Expense","Cash Payment - Salary Expense","31944"
"87","Shipping Expense","Cash Payment - Shipping Expense - WEB SO : 15243","235"
"87","Shipping Expense","Cash Payment - Shipping Expense - WEB SO : 15256","152"
"87","Penalty Expense","Cash Payment - Late penalty - SRV SO ID: 11313","5500"
"87","Overflow Expense - Warehouse","Cash Payment - Overflow Fee - Los Angeles","636"
"87","Rental Expense","Cash Payment - Rental - Los Angeles","1200"
"87","Rental Expense","Cash Payment - Rental - New York","8040"
"87","Rental Expense","Cash Payment - Rental - San Francisco","4480"
"87","Rental Expense","Cash Payment - Rental - Washington, D.C.","4880"
"87","Rental Expense","Cash Payment - Rental - Detroit","1200"
"87","Rental Expense","Cash Payment - Rental - Chicago","3700"
"86","Human Resource Expense","Counselled","2000"
"86","Human Resource Expense","Attended Training","15000"
"86","Human Resource Expense","Counselled","2000"
"86","Salary Expense","Cash Payment - Salary Expense","31944"
"86","Overflow Expense - Warehouse","Cash Payment - Overflow Fee - Los Angeles","582"
"86","Rental Expense","Cash Payment - Rental - Los Angeles","1200"
"86","Rental Expense","Cash Payment - Rental - New York","8040"
"86","Rental Expense","Cash Payment - Rental - San Francisco","4480"
"86","Rental Expense","Cash Payment - Rental - Washington, D.C.","4880"
"86","Rental Expense","Cash Payment - Rental - Detroit","1200"
"86","Rental Expense","Cash Payment - Rental - Chicago","3700"
"85","Human Resource Expense","Attended Training","15000"
"85","Human Resource Expense","Counselled","2000"
"85","Human Resource Expense","Counselled","2000"
"85","Human Resource Expense","Counselled","2000"
"85","Human Resource Expense","Counselled","2000"
"85","Human Resource Expense","Counselled","2000"
"85","Salary Expense","Cash Payment - Salary Expense","31922"
"85","Maintenance Expense","Cash Payment - Maintenance periodic Machine ID: 328","15000"
"85","Penalty Expense","Cash Payment - Late penalty - SRV SO ID: 11482","2200"
"85","Overflow Expense - Warehouse","Cash Payment - Overflow Fee - Los Angeles","492"
"85","Rental Expense","Cash Payment - Rental - Los Angeles","1200"
"85","Rental Expense","Cash Payment - Rental - New York","8040"
"85","Rental Expense","Cash Payment - Rental - San Francisco","4480"
"85","Rental Expense","Cash Payment - Rental - Washington, D.C.","4880"
"85","Rental Expense","Cash Payment - Rental - Detroit","1200"
"85","Rental Expense","Cash Payment - Rental - Chicago","3700"
"84","Salary Expense","Cash Payment - Salary Expense","31797"
"84","Shipping Expense","Cash Payment - Shipping Expense - WEB SO : 14519","211"
"84","Shipping Expense","Cash Payment - Shipping Expense - WEB SO : 14681","148"
"84","Maintenance Expense","Cash Payment - Maintenance periodic Machine ID: 342","15000"
"84","Overflow Expense - Warehouse","Cash Payment - Overflow Fee - Los Angeles","492"
"84","Rental Expense","Cash Payment - Rental - Los Angeles","1200"
"84","Rental Expense","Cash Payment - Rental - New York","8040"
"84","Rental Expense","Cash Payment - Rental - San Francisco","4480"
"84","Rental Expense","Cash Payment - Rental - Washington, D.C.","4880"
"84","Rental Expense","Cash Payment - Rental - Detroit","1200"
"84","Rental Expense","Cash Payment - Rental - Chicago","3700"
"83","Salary Expense","Cash Payment - Salary Expense","31772"
"83","Shipping Expense","Cash Payment - Shipping Expense - WEB SO : 14490","185"
"83","Shipping Expense","Cash Payment - Shipping Expense - WEB SO : 14499","359"
"83","Shipping Expense","Cash Payment - Shipping Expense - WEB SO : 14505","132"
"83","Penalty Expense","Cash Payment - Late penalty - SRV SO ID: 10602","2200"
"83","Penalty Expense","Cash Payment - Late penalty - SRV SO ID: 11035","5500"
"83","Overflow Expense - Warehouse","Cash Payment - Overflow Fee - Los Angeles","489"
"83","Rental Expense","Cash Payment - Rental - Los Angeles","1200"
"83","Rental Expense","Cash Payment - Rental - New York","8040"
"83","Rental Expense","Cash Payment - Rental - San Francisco","4480"
"83","Rental Expense","Cash Payment - Rental - Washington, D.C.","4880"
"83","Rental Expense","Cash Payment - Rental - Detroit","1200"
"83","Rental Expense","Cash Payment - Rental - Chicago","3700"
"82","Salary Expense","Cash Payment - Salary Expense","31572"
"82","Shipping Expense","Cash Payment - Shipping Expense - WEB SO : 14303","106"
"82","Shipping Expense","Cash Payment - Shipping Expense - WEB SO : 14321","87"
"82","Rental Expense","Cash Payment - Rental - Los Angeles","1200"
"82","Rental Expense","Cash Payment - Rental - New York","8040"
"82","Rental Expense","Cash Payment - Rental - San Francisco","4480"
"82","Rental Expense","Cash Payment - Rental - Washington, D.C.","4880"
"82","Rental Expense","Cash Payment - Rental - Detroit","1200"
"82","Rental Expense","Cash Payment - Rental - Chicago","3700"
"81","Salary Expense","Cash Payment - Salary Expense","31272"
"81","Shipping Expense","Cash Payment - Shipping Expense - WEB SO : 14101","130"
"81","Shipping Expense","Cash Payment - Shipping Expense - WEB SO : 14134","210"
"81","Rental Expense","Cash Payment - Rental - Los Angeles","1200"
"81","Rental Expense","Cash Payment - Rental - New York","8040"
"81","Rental Expense","Cash Payment - Rental - San Francisco","4480"
"81","Rental Expense","Cash Payment - Rental - Washington, D.C.","4880"
"81","Rental Expense","Cash Payment - Rental - Detroit","1200"
"81","Rental Expense","Cash Payment - Rental - Chicago","3700"
"80","Salary Expense","Cash Payment - Salary Expense","30397"
"80","Shipping Expense","Cash Payment - Shipping Expense - WEB SO : 13946","88"
"80","Rental Expense","Cash Payment - Rental - Los Angeles","1200"
"80","Rental Expense","Cash Payment - Rental - New York","8040"
"80","Rental Expense","Cash Payment - Rental - San Francisco","4480"
"80","Rental Expense","Cash Payment - Rental - Washington, D.C.","4880"
"80","Rental Expense","Cash Payment - Rental - Detroit","1200"
"80","Rental Expense","Cash Payment - Rental - Chicago","3700"
"79","Human Resource Expense","Attended Training","15000"
"79","Salary Expense","Cash Payment - Salary Expense","30397"
"79","Shipping Expense","Cash Payment - Shipping Expense - WEB SO : 13755","170"
"79","Shipping Expense","Cash Payment - Shipping Expense - WEB SO : 13773","173"
"79","Penalty Expense","Cash Payment - Late penalty - SRV SO ID: 9898","5500"
"79","Rental Expense","Cash Payment - Rental - Los Angeles","1200"
"79","Rental Expense","Cash Payment - Rental - New York","8040"
"79","Rental Expense","Cash Payment - Rental - San Francisco","4480"
"79","Rental Expense","Cash Payment - Rental - Washington, D.C.","4880"
"79","Rental Expense","Cash Payment - Rental - Detroit","1200"
"79","Rental Expense","Cash Payment - Rental - Chicago","3700"
"78","Salary Expense","Cash Payment - Salary Expense","30397"
"78","Shipping Expense","Cash Payment - Shipping Expense - WEB SO : 13569","151"
"78","Shipping Expense","Cash Payment - Shipping Expense - WEB SO : 13586","155"
"78","Maintenance Expense","Cash Payment - Maintenance periodic Machine ID: 328","15000"
"78","Penalty Expense","Cash Payment - Late penalty - SRV SO ID: 10055","5500"
"78","Rental Expense","Cash Payment - Rental - Los Angeles","1200"
"78","Rental Expense","Cash Payment - Rental - New York","8040"
"78","Rental Expense","Cash Payment - Rental - San Francisco","4480"
"78","Rental Expense","Cash Payment - Rental - Washington, D.C.","4880"
"78","Rental Expense","Cash Payment - Rental - Detroit","1200"
"78","Rental Expense","Cash Payment - Rental - Chicago","3700"
"77","Salary Expense","Cash Payment - Salary Expense","30397"
"77","Shipping Expense","Cash Payment - Shipping Expense - WEB SO : 13380","234"
"77","Shipping Expense","Cash Payment - Shipping Expense - WEB SO : 13390","207"
"77","Maintenance Expense","Cash Payment - Maintenance periodic Machine ID: 342","15000"
"77","Rental Expense","Cash Payment - Rental - Los Angeles","1200"
"77","Rental Expense","Cash Payment - Rental - New York","8040"
"77","Rental Expense","Cash Payment - Rental - San Francisco","4480"
"77","Rental Expense","Cash Payment - Rental - Washington, D.C.","4880"
"77","Rental Expense","Cash Payment - Rental - Detroit","1200"
"77","Rental Expense","Cash Payment - Rental - Chicago","3700"
"76","Salary Expense","Cash Payment - Salary Expense","30397"
"76","Rental Expense","Cash Payment - Rental - Los Angeles","1200"
"76","Rental Expense","Cash Payment - Rental - New York","8040"
"76","Rental Expense","Cash Payment - Rental - San Francisco","4480"
"76","Rental Expense","Cash Payment - Rental - Washington, D.C.","4880"
"76","Rental Expense","Cash Payment - Rental - Detroit","1200"
"76","Rental Expense","Cash Payment - Rental - Chicago","3700"
"75","Human Resource Expense","Attended Training","15000"
"75","Human Resource Expense","Counselled","2000"
"75","Human Resource Expense","Counselled","2000"
"75","Human Resource Expense","Counselled","2000"
"75","Salary Expense","Cash Payment - Salary Expense","30376"
"75","Shipping Expense","Cash Payment - Shipping Expense - WEB SO : 12986","219"
"75","Penalty Expense","Cash Payment - Late penalty - SRV SO ID: 9155","4400"
"75","Rental Expense","Cash Payment - Rental - Los Angeles","1200"
"75","Rental Expense","Cash Payment - Rental - New York","8040"
"75","Rental Expense","Cash Payment - Rental - San Francisco","4480"
"75","Rental Expense","Cash Payment - Rental - Washington, D.C.","4880"
"75","Rental Expense","Cash Payment - Rental - Detroit","1200"
"75","Rental Expense","Cash Payment - Rental - Chicago","3700"
"74","Salary Expense","Cash Payment - Salary Expense","30261"
"74","Shipping Expense","Cash Payment - Shipping Expense - WEB SO : 12803","299"
"74","Shipping Expense","Cash Payment - Shipping Expense - WEB SO : 12815","80"
"74","Overflow Expense - Warehouse","Cash Payment - Overflow Fee - Los Angeles","138"
"74","Rental Expense","Cash Payment - Rental - Los Angeles","1200"
"74","Rental Expense","Cash Payment - Rental - New York","8040"
"74","Rental Expense","Cash Payment - Rental - San Francisco","4480"
"74","Rental Expense","Cash Payment - Rental - Washington, D.C.","4880"
"74","Rental Expense","Cash Payment - Rental - Detroit","1200"
"74","Rental Expense","Cash Payment - Rental - Chicago","3700"
"73","Salary Expense","Cash Payment - Salary Expense","30238"
"73","Shipping Expense","Cash Payment - Shipping Expense - WEB SO : 12616","194"
"73","Shipping Expense","Cash Payment - Shipping Expense - WEB SO : 12639","301"
"73","Rental Expense","Cash Payment - Rental - Los Angeles","1200"
"73","Rental Expense","Cash Payment - Rental - New York","8040"
"73","Rental Expense","Cash Payment - Rental - San Francisco","4480"
"73","Rental Expense","Cash Payment - Rental - Washington, D.C.","4880"
"73","Rental Expense","Cash Payment - Rental - Detroit","1200"
"73","Rental Expense","Cash Payment - Rental - Chicago","3700"
"72","Salary Expense","Cash Payment - Salary Expense","30054"
"72","Shipping Expense","Cash Payment - Shipping Expense - WEB SO : 12318","224"
"72","Shipping Expense","Cash Payment - Shipping Expense - WEB SO : 12427","199"
"72","Shipping Expense","Cash Payment - Shipping Expense - WEB SO : 12444","159"
"72","Penalty Expense","Cash Payment - Late penalty - SRV SO ID: 9304","4400"
"72","Rental Expense","Cash Payment - Rental - Los Angeles","1200"
"72","Rental Expense","Cash Payment - Rental - New York","8040"
"72","Rental Expense","Cash Payment - Rental - San Francisco","4480"
"72","Rental Expense","Cash Payment - Rental - Washington, D.C.","4880"
"72","Rental Expense","Cash Payment - Rental - Detroit","1200"
"72","Rental Expense","Cash Payment - Rental - Chicago","3700"
"71","Salary Expense","Cash Payment - Salary Expense","29778"
"71","Shipping Expense","Cash Payment - Shipping Expense - WEB SO : 12232","199"
"71","Maintenance Expense","Cash Payment - Maintenance periodic Machine ID: 328","15000"
"71","Penalty Expense","Cash Payment - Late penalty - SRV SO ID: 8725","4400"
"71","Rental Expense","Cash Payment - Rental - Los Angeles","1200"
"71","Rental Expense","Cash Payment - Rental - New York","8040"
"71","Rental Expense","Cash Payment - Rental - San Francisco","4480"
"71","Rental Expense","Cash Payment - Rental - Washington, D.C.","4880"
"71","Rental Expense","Cash Payment - Rental - Detroit","1200"
"71","Rental Expense","Cash Payment - Rental - Chicago","3700"
"70","Human Resource Expense","Attended Training","15000"
"70","Salary Expense","Cash Payment - Salary Expense","28973"
"70","Shipping Expense","Cash Payment - Shipping Expense - WEB SO : 12033","99"
"70","Shipping Expense","Cash Payment - Shipping Expense - WEB SO : 12043","49"
"70","Maintenance Expense","Cash Payment - Maintenance periodic Machine ID: 342","15000"
"70","Rental Expense","Cash Payment - Rental - Los Angeles","1200"
"70","Rental Expense","Cash Payment - Rental - New York","8040"
"70","Rental Expense","Cash Payment - Rental - San Francisco","4480"
"70","Rental Expense","Cash Payment - Rental - Washington, D.C.","4880"
"70","Rental Expense","Cash Payment - Rental - Detroit","1200"
"70","Rental Expense","Cash Payment - Rental - Chicago","3700"
"69","Human Resource Expense","Attended Training","15000"
"69","Human Resource Expense","Counselled","2000"
"69","Human Resource Expense","Attended Training","15000"
"69","Human Resource Expense","Counselled","2000"
"69","Salary Expense","Cash Payment - Salary Expense","28973"
"69","Shipping Expense","Cash Payment - Shipping Expense - WEB SO : 11849","68"
"69","Shipping Expense","Cash Payment - Shipping Expense - WEB SO : 11863","51"
"69","Rental Expense","Cash Payment - Rental - Los Angeles","1200"
"69","Rental Expense","Cash Payment - Rental - New York","8040"
"69","Rental Expense","Cash Payment - Rental - San Francisco","4480"
"69","Rental Expense","Cash Payment - Rental - Washington, D.C.","4880"
"69","Rental Expense","Cash Payment - Rental - Detroit","1200"
"69","Rental Expense","Cash Payment - Rental - Chicago","3700"
"68","Salary Expense","Cash Payment - Salary Expense","28973"
"68","Shipping Expense","Cash Payment - Shipping Expense - WEB SO : 11659","114"
"68","Shipping Expense","Cash Payment - Shipping Expense - WEB SO : 11689","114"
"68","Rental Expense","Cash Payment - Rental - Los Angeles","1200"
"68","Rental Expense","Cash Payment - Rental - New York","8040"
"68","Rental Expense","Cash Payment - Rental - San Francisco","4480"
"68","Rental Expense","Cash Payment - Rental - Washington, D.C.","4880"
"68","Rental Expense","Cash Payment - Rental - Detroit","1200"
"68","Rental Expense","Cash Payment - Rental - Chicago","3700"
"67","Salary Expense","Cash Payment - Salary Expense","28973"
"67","Shipping Expense","Cash Payment - Shipping Expense - WEB SO : 11494","80"
"67","Rental Expense","Cash Payment - Rental - Los Angeles","1200"
"67","Rental Expense","Cash Payment - Rental - New York","8040"
"67","Rental Expense","Cash Payment - Rental - San Francisco","4480"
"67","Rental Expense","Cash Payment - Rental - Washington, D.C.","4880"
"67","Rental Expense","Cash Payment - Rental - Detroit","1200"
"67","Rental Expense","Cash Payment - Rental - Chicago","3700"
"66","Salary Expense","Cash Payment - Salary Expense","28973"
"66","Shipping Expense","Cash Payment - Shipping Expense - WEB SO : 11306","86"
"66","Shipping Expense","Cash Payment - Shipping Expense - WEB SO : 11317","76"
"66","Rental Expense","Cash Payment - Rental - Los Angeles","1200"
"66","Rental Expense","Cash Payment - Rental - New York","8040"
"66","Rental Expense","Cash Payment - Rental - San Francisco","4480"
"66","Rental Expense","Cash Payment - Rental - Washington, D.C.","4880"
"66","Rental Expense","Cash Payment - Rental - Detroit","1200"
"66","Rental Expense","Cash Payment - Rental - Chicago","3700"
"65","Salary Expense","Cash Payment - Salary Expense","28953"
"65","Shipping Expense","Cash Payment - Shipping Expense - WEB SO : 10950","112"
"65","Shipping Expense","Cash Payment - Shipping Expense - WEB SO : 11131","23"
"65","Penalty Expense","Cash Payment - Late penalty - SRV SO ID: 7532","3300"
"65","Rental Expense","Cash Payment - Rental - Los Angeles","1200"
"65","Rental Expense","Cash Payment - Rental - New York","8040"
"65","Rental Expense","Cash Payment - Rental - San Francisco","4480"
"65","Rental Expense","Cash Payment - Rental - Washington, D.C.","4880"
"65","Rental Expense","Cash Payment - Rental - Detroit","1200"
"65","Rental Expense","Cash Payment - Rental - Chicago","3700"
"64","Human Resource Expense","Attended Training","15000"
"64","Human Resource Expense","Attended Training","15000"
"64","Salary Expense","Cash Payment - Salary Expense","28843"
"64","Shipping Expense","Cash Payment - Shipping Expense - WEB SO : 10810","45"
"64","Shipping Expense","Cash Payment - Shipping Expense - WEB SO : 10940","105"
"64","Maintenance Expense","Cash Payment - Maintenance periodic Machine ID: 328","15000"
"64","Penalty Expense","Cash Payment - Late penalty - SRV SO ID: 7483","4400"
"64","Depreciation Expense","Non-Cash Expense - Depreciation","3333"
"64","Rental Expense","Cash Payment - Rental - Los Angeles","1200"
"64","Rental Expense","Cash Payment - Rental - New York","8040"
"64","Rental Expense","Cash Payment - Rental - San Francisco","4480"
"64","Rental Expense","Cash Payment - Rental - Washington, D.C.","4880"
"64","Rental Expense","Cash Payment - Rental - Detroit","1200"
"64","Rental Expense","Cash Payment - Rental - Chicago","3700"
"63","Salary Expense","Cash Payment - Salary Expense","28821"
"63","Shipping Expense","Cash Payment - Shipping Expense - WEB SO : 10750","33"
"63","Maintenance Expense","Cash Payment - Maintenance periodic Machine ID: 342","15000"
"63","Penalty Expense","Cash Payment - Late penalty - SRV SO ID: 7126","3300"
"63","Depreciation Expense","Non-Cash Expense - Depreciation","6666"
"63","Rental Expense","Cash Payment - Rental - Los Angeles","1200"
"63","Rental Expense","Cash Payment - Rental - New York","8040"
"63","Rental Expense","Cash Payment - Rental - San Francisco","4480"
"63","Rental Expense","Cash Payment - Rental - Washington, D.C.","4880"
"63","Rental Expense","Cash Payment - Rental - Detroit","1200"
"63","Rental Expense","Cash Payment - Rental - Chicago","3700"
"62","Marketing Expense","Cash Payment - Marketing Report Subscription","20000"
"62","Salary Expense","Cash Payment - Salary Expense","28645"
"62","Depreciation Expense","Non-Cash Expense - Depreciation","6666"
"62","Rental Expense","Cash Payment - Rental - Los Angeles","1200"
"62","Rental Expense","Cash Payment - Rental - New York","8040"
"62","Rental Expense","Cash Payment - Rental - San Francisco","4480"
"62","Rental Expense","Cash Payment - Rental - Washington, D.C.","4880"
"62","Rental Expense","Cash Payment - Rental - Detroit","1200"
"62","Rental Expense","Cash Payment - Rental - Chicago","3700"
"61","Marketing Expense","Cash Payment - Marketing Report Subscription","20000"
"61","Salary Expense","Cash Payment - Salary Expense","28381"
"61","Shipping Expense","Cash Payment - Shipping Expense - WEB SO : 10317","80"
"61","Depreciation Expense","Non-Cash Expense - Depreciation","6666"
"61","Rental Expense","Cash Payment - Rental - Los Angeles","1200"
"61","Rental Expense","Cash Payment - Rental - New York","8040"
"61","Rental Expense","Cash Payment - Rental - San Francisco","4480"
"61","Rental Expense","Cash Payment - Rental - Washington, D.C.","4880"
"61","Rental Expense","Cash Payment - Rental - Detroit","1200"
"61","Rental Expense","Cash Payment - Rental - Chicago","3700"
"60","Human Resource Expense","Counselled","2000"
"60","Human Resource Expense","Counselled","2000"
"60","Human Resource Expense","Counselled","2000"
"60","Human Resource Expense","Counselled","2000"
"60","Salary Expense","Cash Payment - Salary Expense","27611"
"60","Depreciation Expense","Non-Cash Expense - Depreciation","6666"
"60","Rental Expense","Cash Payment - Rental - Los Angeles","1200"
"60","Rental Expense","Cash Payment - Rental - New York","8040"
"60","Rental Expense","Cash Payment - Rental - San Francisco","4480"
"60","Rental Expense","Cash Payment - Rental - Washington, D.C.","4880"
"60","Rental Expense","Cash Payment - Rental - Detroit","1200"
"60","Rental Expense","Cash Payment - Rental - Chicago","3700"
"59","Salary Expense","Cash Payment - Salary Expense","27611"
"59","Shipping Expense","Cash Payment - Shipping Expense - WEB SO : 10059","14"
"59","Shipping Expense","Cash Payment - Shipping Expense - WEB SO : 10073","31"
"59","Depreciation Expense","Non-Cash Expense - Depreciation","6666"
"59","Rental Expense","Cash Payment - Rental - Los Angeles","1200"
"59","Rental Expense","Cash Payment - Rental - New York","8040"
"59","Rental Expense","Cash Payment - Rental - San Francisco","4480"
"59","Rental Expense","Cash Payment - Rental - Washington, D.C.","4880"
"59","Rental Expense","Cash Payment - Rental - Detroit","1200"
"59","Rental Expense","Cash Payment - Rental - Chicago","3700"
"58","Salary Expense","Cash Payment - Salary Expense","27611"
"58","Shipping Expense","Cash Payment - Shipping Expense - WEB SO : 9875","55"
"58","Shipping Expense","Cash Payment - Shipping Expense - WEB SO : 9885","62"
"58","Shipping Expense","Cash Payment - Shipping Expense - WEB SO : 9894","44"
"58","Depreciation Expense","Non-Cash Expense - Depreciation","6666"
"58","Rental Expense","Cash Payment - Rental - Los Angeles","1200"
"58","Rental Expense","Cash Payment - Rental - New York","8040"
"58","Rental Expense","Cash Payment - Rental - San Francisco","4480"
"58","Rental Expense","Cash Payment - Rental - Washington, D.C.","4880"
"58","Rental Expense","Cash Payment - Rental - Detroit","1200"
"58","Rental Expense","Cash Payment - Rental - Chicago","3700"
"57","Salary Expense","Cash Payment - Salary Expense","27611"
"57","Shipping Expense","Cash Payment - Shipping Expense - WEB SO : 9687","63"
"57","Shipping Expense","Cash Payment - Shipping Expense - WEB SO : 9711","112"
"57","Maintenance Expense","Cash Payment - Maintenance periodic Machine ID: 328","15000"
"57","Depreciation Expense","Non-Cash Expense - Depreciation","6666"
"57","Rental Expense","Cash Payment - Rental - Los Angeles","1200"
"57","Rental Expense","Cash Payment - Rental - New York","8040"
"57","Rental Expense","Cash Payment - Rental - San Francisco","4480"
"57","Rental Expense","Cash Payment - Rental - Washington, D.C.","4880"
"57","Rental Expense","Cash Payment - Rental - Detroit","1200"
"57","Rental Expense","Cash Payment - Rental - Chicago","3700"
"56","Salary Expense","Cash Payment - Salary Expense","27611"
"56","Shipping Expense","Cash Payment - Shipping Expense - WEB SO : 9341","197"
"56","Shipping Expense","Cash Payment - Shipping Expense - WEB SO : 9512","93"
"56","Shipping Expense","Cash Payment - Shipping Expense - WEB SO : 9532","129"
"56","Maintenance Expense","Cash Payment - Maintenance periodic Machine ID: 342","15000"
"56","Depreciation Expense","Non-Cash Expense - Depreciation","6666"
"56","Rental Expense","Cash Payment - Rental - Los Angeles","1200"
"56","Rental Expense","Cash Payment - Rental - New York","8040"
"56","Rental Expense","Cash Payment - Rental - San Francisco","4480"
"56","Rental Expense","Cash Payment - Rental - Washington, D.C.","4880"
"56","Rental Expense","Cash Payment - Rental - Detroit","1200"
"56","Rental Expense","Cash Payment - Rental - Chicago","3700"
"55","Human Resource Expense","Attended Training","15000"
"55","Salary Expense","Cash Payment - Salary Expense","27592"
"55","Shipping Expense","Cash Payment - Shipping Expense - WEB SO : 9309","206"
"55","Shipping Expense","Cash Payment - Shipping Expense - WEB SO : 9328","178"
"55","Depreciation Expense","Non-Cash Expense - Depreciation","6666"
"55","Rental Expense","Cash Payment - Rental - Los Angeles","1200"
"55","Rental Expense","Cash Payment - Rental - New York","8040"
"55","Rental Expense","Cash Payment - Rental - San Francisco","4480"
"55","Rental Expense","Cash Payment - Rental - Washington, D.C.","4880"
"55","Rental Expense","Cash Payment - Rental - Detroit","1200"
"55","Rental Expense","Cash Payment - Rental - Chicago","3700"
"54","Human Resource Expense","Attended Training","15000"
"54","Human Resource Expense","Attended Training","15000"
"54","Salary Expense","Cash Payment - Salary Expense","27487"
"54","Shipping Expense","Cash Payment - Shipping Expense - WEB SO : 9135","127"
"54","Shipping Expense","Cash Payment - Shipping Expense - WEB SO : 9152","110"
"54","Depreciation Expense","Non-Cash Expense - Depreciation","6666"
"54","Rental Expense","Cash Payment - Rental - Los Angeles","1200"
"54","Rental Expense","Cash Payment - Rental - New York","8040"
"54","Rental Expense","Cash Payment - Rental - San Francisco","4480"
"54","Rental Expense","Cash Payment - Rental - Washington, D.C.","4880"
"54","Rental Expense","Cash Payment - Rental - Detroit","1200"
"54","Rental Expense","Cash Payment - Rental - Chicago","3700"
"53","Salary Expense","Cash Payment - Salary Expense","27466"
"53","Shipping Expense","Cash Payment - Shipping Expense - WEB SO : 8972","61"
"53","Depreciation Expense","Non-Cash Expense - Depreciation","6666"
"53","Rental Expense","Cash Payment - Rental - Los Angeles","1200"
"53","Rental Expense","Cash Payment - Rental - New York","8040"
"53","Rental Expense","Cash Payment - Rental - San Francisco","4480"
"53","Rental Expense","Cash Payment - Rental - Washington, D.C.","4880"
"53","Rental Expense","Cash Payment - Rental - Detroit","1200"
"53","Rental Expense","Cash Payment - Rental - Chicago","3700"
"52","Salary Expense","Cash Payment - Salary Expense","27298"
"52","Shipping Expense","Cash Payment - Shipping Expense - WEB SO : 8708","159"
"52","Shipping Expense","Cash Payment - Shipping Expense - WEB SO : 8763","79"
"52","Depreciation Expense","Non-Cash Expense - Depreciation","6666"
"52","Rental Expense","Cash Payment - Rental - Los Angeles","1200"
"52","Rental Expense","Cash Payment - Rental - New York","8040"
"52","Rental Expense","Cash Payment - Rental - San Francisco","4480"
"52","Rental Expense","Cash Payment - Rental - Washington, D.C.","4880"
"52","Rental Expense","Cash Payment - Rental - Detroit","1200"
"52","Rental Expense","Cash Payment - Rental - Chicago","3700"
"51","Human Resource Expense","Attended Training","15000"
"51","Human Resource Expense","Attended Training","15000"
"51","Human Resource Expense","Attended Training","15000"
"51","Salary Expense","Cash Payment - Salary Expense","27046"
"51","Shipping Expense","Cash Payment - Shipping Expense - WEB SO : 8578","115"
"51","Shipping Expense","Cash Payment - Shipping Expense - WEB SO : 8591","115"
"51","Depreciation Expense","Non-Cash Expense - Depreciation","6666"
"51","Rental Expense","Cash Payment - Rental - Los Angeles","1200"
"51","Rental Expense","Cash Payment - Rental - New York","8040"
"51","Rental Expense","Cash Payment - Rental - San Francisco","4480"
"51","Rental Expense","Cash Payment - Rental - Washington, D.C.","4880"
"51","Rental Expense","Cash Payment - Rental - Detroit","1200"
"51","Rental Expense","Cash Payment - Rental - Chicago","3700"
"50","Salary Expense","Cash Payment - Salary Expense","26311"
"50","Shipping Expense","Cash Payment - Shipping Expense - WEB SO : 8379","232"
"50","Shipping Expense","Cash Payment - Shipping Expense - WEB SO : 8403","145"
"50","Maintenance Expense","Cash Payment - Maintenance periodic Machine ID: 328","15000"
"50","Depreciation Expense","Non-Cash Expense - Depreciation","6666"
"50","Rental Expense","Cash Payment - Rental - Los Angeles","1200"
"50","Rental Expense","Cash Payment - Rental - New York","8040"
"50","Rental Expense","Cash Payment - Rental - San Francisco","4480"
"50","Rental Expense","Cash Payment - Rental - Washington, D.C.","4880"
"50","Rental Expense","Cash Payment - Rental - Detroit","1200"
"50","Rental Expense","Cash Payment - Rental - Chicago","3700"
"49","Salary Expense","Cash Payment - Salary Expense","26311"
"49","Shipping Expense","Cash Payment - Shipping Expense - WEB SO : 8177","347"
"49","Shipping Expense","Cash Payment - Shipping Expense - WEB SO : 8199","118"
"49","Maintenance Expense","Cash Payment - Maintenance periodic Machine ID: 342","15000"
"49","Penalty Expense","Cash Payment - Late penalty - SRV SO ID: 4611","5500"
"49","Interest Expense ","Cash Payment - Interest - For Overdraft","1284"
"49","Depreciation Expense","Non-Cash Expense - Depreciation","6666"
"49","Rental Expense","Cash Payment - Rental - Los Angeles","1200"
"49","Rental Expense","Cash Payment - Rental - New York","8040"
"49","Rental Expense","Cash Payment - Rental - San Francisco","4480"
"49","Rental Expense","Cash Payment - Rental - Washington, D.C.","4880"
"49","Rental Expense","Cash Payment - Rental - Detroit","1200"
"49","Rental Expense","Cash Payment - Rental - Chicago","3700"
"48","Salary Expense","Cash Payment - Salary Expense","26311"
"48","Shipping Expense","Cash Payment - Shipping Expense - WEB SO : 8018","324"
"48","Shipping Expense","Cash Payment - Shipping Expense - WEB SO : 8026","62"
"48","Interest Expense ","Cash Payment - Interest - For Overdraft","3339"
"48","Depreciation Expense","Non-Cash Expense - Depreciation","6666"
"48","Rental Expense","Cash Payment - Rental - Los Angeles","1200"
"48","Rental Expense","Cash Payment - Rental - New York","8040"
"48","Rental Expense","Cash Payment - Rental - San Francisco","4480"
"48","Rental Expense","Cash Payment - Rental - Washington, D.C.","4880"
"48","Rental Expense","Cash Payment - Rental - Detroit","1200"
"48","Rental Expense","Cash Payment - Rental - Chicago","3700"
"47","Salary Expense","Cash Payment - Salary Expense","26311"
"47","Shipping Expense","Cash Payment - Shipping Expense - WEB SO : 7841","184"
"47","Shipping Expense","Cash Payment - Shipping Expense - WEB SO : 7852","198"
"47","Penalty Expense","Cash Payment - Late penalty - SRV SO ID: 4422","3300"
"47","Interest Expense ","Cash Payment - Interest - For Overdraft","1027"
"47","Depreciation Expense","Non-Cash Expense - Depreciation","6666"
"47","Rental Expense","Cash Payment - Rental - Los Angeles","1200"
"47","Rental Expense","Cash Payment - Rental - New York","8040"
"47","Rental Expense","Cash Payment - Rental - San Francisco","4480"
"47","Rental Expense","Cash Payment - Rental - Washington, D.C.","4880"
"47","Rental Expense","Cash Payment - Rental - Detroit","1200"
"47","Rental Expense","Cash Payment - Rental - Chicago","3700"
"46","Human Resource Expense","Counselled","2000"
"46","Human Resource Expense","Cash Payment - Staff Recruiting","15000"
"46","Salary Expense","Cash Payment - Salary Expense","26311"
"46","Penalty Expense","Cash Payment - Late penalty - SRV SO ID: 3880","5500"
"46","Penalty Expense","Cash Payment - Late penalty - SRV SO ID: 4050","2200"
"46","Depreciation Expense","Non-Cash Expense - Depreciation","6666"
"46","Rental Expense","Cash Payment - Rental - Los Angeles","1200"
"46","Rental Expense","Cash Payment - Rental - New York","8040"
"46","Rental Expense","Cash Payment - Rental - San Francisco","4480"
"46","Rental Expense","Cash Payment - Rental - Washington, D.C.","4880"
"46","Rental Expense","Cash Payment - Rental - Detroit","1200"
"46","Rental Expense","Cash Payment - Rental - Chicago","3700"
"45","Human Resource Expense","Attended Training","15000"
"45","Human Resource Expense","Counselled","2000"
"45","Human Resource Expense","Counselled","2000"
"45","Salary Expense","Cash Payment - Salary Expense","26350"
"45","Shipping Expense","Cash Payment - Shipping Expense - WEB SO : 7466","121"
"45","Depreciation Expense","Non-Cash Expense - Depreciation","6666"
"45","Rental Expense","Cash Payment - Rental - Los Angeles","1200"
"45","Rental Expense","Cash Payment - Rental - New York","8040"
"45","Rental Expense","Cash Payment - Rental - San Francisco","4480"
"45","Rental Expense","Cash Payment - Rental - Washington, D.C.","4880"
"45","Rental Expense","Cash Payment - Rental - Detroit","1200"
"45","Rental Expense","Cash Payment - Rental - Chicago","3700"
"44","Salary Expense","Cash Payment - Salary Expense","26250"
"44","Shipping Expense","Cash Payment - Shipping Expense - WEB SO : 7308","191"
"44","Depreciation Expense","Non-Cash Expense - Depreciation","6666"
"44","Rental Expense","Cash Payment - Rental - Los Angeles","1200"
"44","Rental Expense","Cash Payment - Rental - New York","8040"
"44","Rental Expense","Cash Payment - Rental - San Francisco","4480"
"44","Rental Expense","Cash Payment - Rental - Washington, D.C.","4880"
"44","Rental Expense","Cash Payment - Rental - Detroit","1200"
"44","Rental Expense","Cash Payment - Rental - Chicago","3700"
"43","Marketing Expense","Cash Payment - Marketing Report Subscription","20000"
"43","Salary Expense","Cash Payment - Salary Expense","26230"
"43","Shipping Expense","Cash Payment - Shipping Expense - WEB SO : 7128","342"
"43","Maintenance Expense","Cash Payment - Maintenance periodic Machine ID: 328","15000"
"43","Interest Expense ","Cash Payment - Interest - For Overdraft","514"
"43","Depreciation Expense","Non-Cash Expense - Depreciation","6666"
"43","Rental Expense","Cash Payment - Rental - Los Angeles","1200"
"43","Rental Expense","Cash Payment - Rental - New York","8040"
"43","Rental Expense","Cash Payment - Rental - San Francisco","4480"
"43","Rental Expense","Cash Payment - Rental - Washington, D.C.","4880"
"43","Rental Expense","Cash Payment - Rental - Detroit","1200"
"43","Rental Expense","Cash Payment - Rental - Chicago","3700"
"42","Marketing Expense","Cash Payment - Marketing Report Subscription","20000"
"42","Salary Expense","Cash Payment - Salary Expense","26070"
"42","Shipping Expense","Cash Payment - Shipping Expense - WEB SO : 6924","108"
"42","Shipping Expense","Cash Payment - Shipping Expense - WEB SO : 6936","135"
"42","Maintenance Expense","Cash Payment - Maintenance periodic Machine ID: 342","15000"
"42","Penalty Expense","Cash Payment - Late penalty - SRV SO ID: 3852","5500"
"42","Interest Expense ","Cash Payment - Interest - For Overdraft","514"
"42","Depreciation Expense","Non-Cash Expense - Depreciation","6666"
"42","Rental Expense","Cash Payment - Rental - Los Angeles","1200"
"42","Rental Expense","Cash Payment - Rental - New York","8040"
"42","Rental Expense","Cash Payment - Rental - San Francisco","4480"
"42","Rental Expense","Cash Payment - Rental - Washington, D.C.","4880"
"42","Rental Expense","Cash Payment - Rental - Detroit","1200"
"42","Rental Expense","Cash Payment - Rental - Chicago","3700"
"41","Marketing Expense","Cash Payment - Marketing Report Subscription","20000"
"41","Salary Expense","Cash Payment - Salary Expense","25830"
"41","Shipping Expense","Cash Payment - Shipping Expense - WEB SO : 6725","90"
"41","Shipping Expense","Cash Payment - Shipping Expense - WEB SO : 6735","297"
"41","Interest Expense ","Cash Payment - Interest - For Overdraft","3596"
"41","Depreciation Expense","Non-Cash Expense - Depreciation","6666"
"41","Rental Expense","Cash Payment - Rental - Los Angeles","1200"
"41","Rental Expense","Cash Payment - Rental - New York","8040"
"41","Rental Expense","Cash Payment - Rental - San Francisco","4480"
"41","Rental Expense","Cash Payment - Rental - Washington, D.C.","4880"
"41","Rental Expense","Cash Payment - Rental - Detroit","1200"
"41","Rental Expense","Cash Payment - Rental - Chicago","3700"
"40","Salary Expense","Cash Payment - Salary Expense","25110"
"40","Shipping Expense","Cash Payment - Shipping Expense - WEB SO : 6510","172"
"40","Shipping Expense","Cash Payment - Shipping Expense - WEB SO : 6543","222"
"40","Penalty Expense","Cash Payment - Late penalty - SRV SO ID: 2959","4400"
"40","Interest Expense ","Cash Payment - Interest - For Overdraft","3082"
"40","Depreciation Expense","Non-Cash Expense - Depreciation","6666"
"40","Rental Expense","Cash Payment - Rental - Los Angeles","1200"
"40","Rental Expense","Cash Payment - Rental - New York","8040"
"40","Rental Expense","Cash Payment - Rental - San Francisco","4480"
"40","Rental Expense","Cash Payment - Rental - Washington, D.C.","4880"
"40","Rental Expense","Cash Payment - Rental - Detroit","1200"
"40","Rental Expense","Cash Payment - Rental - Chicago","3700"
"39","Human Resource Expense","Attended Training","15000"
"39","Human Resource Expense","Attended Training","15000"
"39","Salary Expense","Cash Payment - Salary Expense","25110"
"39","Shipping Expense","Cash Payment - Shipping Expense - WEB SO : 6247","247"
"39","Shipping Expense","Cash Payment - Shipping Expense - WEB SO : 6342","183"
"39","Interest Expense ","Cash Payment - Interest - For Overdraft","4110"
"39","Depreciation Expense","Non-Cash Expense - Depreciation","6666"
"39","Rental Expense","Cash Payment - Rental - Los Angeles","1200"
"39","Rental Expense","Cash Payment - Rental - New York","8040"
"39","Rental Expense","Cash Payment - Rental - San Francisco","4480"
"39","Rental Expense","Cash Payment - Rental - Washington, D.C.","4880"
"39","Rental Expense","Cash Payment - Rental - Detroit","1200"
"39","Rental Expense","Cash Payment - Rental - Chicago","3700"
"38","Human Resource Expense","Attended Training","15000"
"38","Salary Expense","Cash Payment - Salary Expense","25110"
"38","Shipping Expense","Cash Payment - Shipping Expense - WEB SO : 6030","125"
"38","Interest Expense ","Cash Payment - Interest - For Overdraft","2055"
"38","Depreciation Expense","Non-Cash Expense - Depreciation","6666"
"38","Rental Expense","Cash Payment - Rental - Los Angeles","1200"
"38","Rental Expense","Cash Payment - Rental - New York","8040"
"38","Rental Expense","Cash Payment - Rental - San Francisco","4480"
"38","Rental Expense","Cash Payment - Rental - Washington, D.C.","4880"
"38","Rental Expense","Cash Payment - Rental - Detroit","1200"
"38","Rental Expense","Cash Payment - Rental - Chicago","3700"
"37","Salary Expense","Cash Payment - Salary Expense","25110"
"37","Shipping Expense","Cash Payment - Shipping Expense - WEB SO : 5848","76"
"37","Shipping Expense","Cash Payment - Shipping Expense - WEB SO : 5938","127"
"37","Shipping Expense","Cash Payment - Shipping Expense - WEB SO : 5948","262"
"37","Interest Expense ","Cash Payment - Interest - For Overdraft","4110"
"37","Depreciation Expense","Non-Cash Expense - Depreciation","6666"
"37","Overflow Expense - Warehouse","Cash Payment - Overflow Fee - Los Angeles","216"
"37","Rental Expense","Cash Payment - Rental - Los Angeles","1200"
"37","Rental Expense","Cash Payment - Rental - New York","8040"
"37","Rental Expense","Cash Payment - Rental - San Francisco","4480"
"37","Rental Expense","Cash Payment - Rental - Washington, D.C.","4880"
"37","Rental Expense","Cash Payment - Rental - Detroit","1200"
"37","Rental Expense","Cash Payment - Rental - Chicago","3700"
"36","Salary Expense","Cash Payment - Salary Expense","25110"
"36","Shipping Expense","Cash Payment - Shipping Expense - WEB SO : 5581","196"
"36","Shipping Expense","Cash Payment - Shipping Expense - WEB SO : 5748","121"
"36","Maintenance Expense","Cash Payment - Maintenance periodic Machine ID: 328","15000"
"36","Penalty Expense","Cash Payment - Late penalty - SRV SO ID: 2590","2200"
"36","Interest Expense ","Cash Payment - Interest - For Overdraft","4110"
"36","Depreciation Expense","Non-Cash Expense - Depreciation","6666"
"36","Overflow Expense - Warehouse","Cash Payment - Overflow Fee - Los Angeles","225"
"36","Rental Expense","Cash Payment - Rental - Los Angeles","1200"
"36","Rental Expense","Cash Payment - Rental - New York","8040"
"36","Rental Expense","Cash Payment - Rental - San Francisco","4480"
"36","Rental Expense","Cash Payment - Rental - Washington, D.C.","4880"
"36","Rental Expense","Cash Payment - Rental - Detroit","1200"
"36","Rental Expense","Cash Payment - Rental - Chicago","3700"
"35","Salary Expense","Cash Payment - Salary Expense","25110"
"35","Shipping Expense","Cash Payment - Shipping Expense - WEB SO : 5423","103"
"35","Shipping Expense","Cash Payment - Shipping Expense - WEB SO : 5565","236"
"35","Maintenance Expense","Cash Payment - Maintenance periodic Machine ID: 342","15000"
"35","Interest Expense ","Cash Payment - Interest - For Overdraft","4110"
"35","Depreciation Expense","Non-Cash Expense - Depreciation","6666"
"35","Overflow Expense - Warehouse","Cash Payment - Overflow Fee - Los Angeles","216"
"35","Rental Expense","Cash Payment - Rental - Los Angeles","1200"
"35","Rental Expense","Cash Payment - Rental - New York","8040"
"35","Rental Expense","Cash Payment - Rental - San Francisco","4480"
"35","Rental Expense","Cash Payment - Rental - Washington, D.C.","4880"
"35","Rental Expense","Cash Payment - Rental - Detroit","1200"
"35","Rental Expense","Cash Payment - Rental - Chicago","3700"
"34","Salary Expense","Cash Payment - Salary Expense","25015"
"34","Shipping Expense","Cash Payment - Shipping Expense - WEB SO : 5362","186"
"34","Shipping Expense","Cash Payment - Shipping Expense - WEB SO : 5388","103"
"34","Interest Expense ","Cash Payment - Interest - For Overdraft","4110"
"34","Depreciation Expense","Non-Cash Expense - Depreciation","6666"
"34","Overflow Expense - Warehouse","Cash Payment - Overflow Fee - Los Angeles","207"
"34","Rental Expense","Cash Payment - Rental - Los Angeles","1200"
"34","Rental Expense","Cash Payment - Rental - New York","8040"
"34","Rental Expense","Cash Payment - Rental - San Francisco","4480"
"34","Rental Expense","Cash Payment - Rental - Washington, D.C.","4880"
"34","Rental Expense","Cash Payment - Rental - Detroit","1200"
"34","Rental Expense","Cash Payment - Rental - Chicago","2960"
"33","Human Resource Expense","Attended Training","15000"
"33","Human Resource Expense","Attended Training","15000"
"33","Salary Expense","Cash Payment - Salary Expense","24996"
"33","Penalty Expense","Cash Payment - Late penalty - SRV SO ID: 1614","5500"
"33","Penalty Expense","Cash Payment - Late penalty - SRV SO ID: 1794","2200"
"33","Interest Expense ","Cash Payment - Interest - For Overdraft","2055"
"33","Depreciation Expense","Non-Cash Expense - Depreciation","6666"
"33","Rental Expense","Cash Payment - Rental - Los Angeles","1200"
"33","Rental Expense","Cash Payment - Rental - New York","8040"
"33","Rental Expense","Cash Payment - Rental - San Francisco","4480"
"33","Rental Expense","Cash Payment - Rental - Washington, D.C.","4880"
"33","Rental Expense","Cash Payment - Rental - Detroit","1200"
"33","Rental Expense","Cash Payment - Rental - Chicago","2960"
"32","Salary Expense","Cash Payment - Salary Expense","24844"
"32","Shipping Expense","Cash Payment - Shipping Expense - WEB SO : 4820","122"
"32","Shipping Expense","Cash Payment - Shipping Expense - WEB SO : 4984","271"
"32","Interest Expense ","Cash Payment - Interest - For Overdraft","3082"
"32","Depreciation Expense","Non-Cash Expense - Depreciation","6666"
"32","Rental Expense","Cash Payment - Rental - Los Angeles","1200"
"32","Rental Expense","Cash Payment - Rental - New York","8040"
"32","Rental Expense","Cash Payment - Rental - San Francisco","4480"
"32","Rental Expense","Cash Payment - Rental - Washington, D.C.","4880"
"32","Rental Expense","Cash Payment - Rental - Detroit","1200"
"32","Rental Expense","Cash Payment - Rental - Chicago","2960"
"31","Salary Expense","Cash Payment - Salary Expense","24616"
"31","Penalty Expense","Cash Payment - Late penalty - SRV SO ID: 1636","4400"
"31","Interest Expense ","Cash Payment - Interest - For Overdraft","4110"
"31","Depreciation Expense","Non-Cash Expense - Depreciation","6666"
"31","Rental Expense","Cash Payment - Rental - Los Angeles","1200"
"31","Rental Expense","Cash Payment - Rental - New York","5360"
"31","Rental Expense","Cash Payment - Rental - San Francisco","4480"
"31","Rental Expense","Cash Payment - Rental - Washington, D.C.","4880"
"31","Rental Expense","Cash Payment - Rental - Detroit","1200"
"31","Rental Expense","Cash Payment - Rental - Chicago","2960"
"30","Salary Expense","Cash Payment - Salary Expense","23932"
"30","Shipping Expense","Cash Payment - Shipping Expense - WEB SO : 4451","234"
"30","Shipping Expense","Cash Payment - Shipping Expense - WEB SO : 4616","136"
"30","Interest Expense ","Cash Payment - Interest - For Overdraft","4110"
"30","Depreciation Expense","Non-Cash Expense - Depreciation","6666"
"30","Rental Expense","Cash Payment - Rental - Los Angeles","1200"
"30","Rental Expense","Cash Payment - Rental - New York","5360"
"30","Rental Expense","Cash Payment - Rental - San Francisco","4480"
"30","Rental Expense","Cash Payment - Rental - Washington, D.C.","4880"
"30","Rental Expense","Cash Payment - Rental - Detroit","1200"
"30","Rental Expense","Cash Payment - Rental - Chicago","2960"
"29","Salary Expense","Cash Payment - Salary Expense","23932"
"29","Shipping Expense","Cash Payment - Shipping Expense - WEB SO : 4392","179"
"29","Shipping Expense","Cash Payment - Shipping Expense - WEB SO : 4413","250"
"29","Maintenance Expense","Cash Payment - Maintenance periodic Machine ID: 328","15000"
"29","Shipping Expense","Cash Payment - Move Stock ID: 933","68266"
"29","Interest Expense ","Cash Payment - Interest - For Overdraft","2689"
"29","Depreciation Expense","Non-Cash Expense - Depreciation","6666"
"29","Rental Expense","Cash Payment - Rental - Los Angeles","1200"
"29","Rental Expense","Cash Payment - Rental - New York","5360"
"29","Rental Expense","Cash Payment - Rental - San Francisco","4480"
"29","Rental Expense","Cash Payment - Rental - Washington, D.C.","4880"
"29","Rental Expense","Cash Payment - Rental - Detroit","1200"
"29","Rental Expense","Cash Payment - Rental - Chicago","2960"
"28","Salary Expense","Cash Payment - Salary Expense","23932"
"28","Shipping Expense","Cash Payment - Shipping Expense - WEB SO : 4219","288"
"28","Shipping Expense","Cash Payment - Shipping Expense - WEB SO : 4234","254"
"28","Maintenance Expense","Cash Payment - Maintenance periodic Machine ID: 342","15000"
"28","Interest Expense ","Cash Payment - Interest - For Overdraft","3716"
"28","Depreciation Expense","Non-Cash Expense - Depreciation","6666"
"28","Rental Expense","Cash Payment - Rental - Los Angeles","1200"
"28","Rental Expense","Cash Payment - Rental - New York","5360"
"28","Rental Expense","Cash Payment - Rental - San Francisco","4480"
"28","Rental Expense","Cash Payment - Rental - Washington, D.C.","4880"
"28","Rental Expense","Cash Payment - Rental - Detroit","1200"
"28","Rental Expense","Cash Payment - Rental - Chicago","2960"
"27","Salary Expense","Cash Payment - Salary Expense","23932"
"27","Shipping Expense","Cash Payment - Shipping Expense - WEB SO : 4035","76"
"27","Shipping Expense","Cash Payment - Shipping Expense - WEB SO : 4048","180"
"27","Interest Expense ","Cash Payment - Interest - For Overdraft","3716"
"27","Depreciation Expense","Non-Cash Expense - Depreciation","6666"
"27","Rental Expense","Cash Payment - Rental - Los Angeles","1200"
"27","Rental Expense","Cash Payment - Rental - New York","5360"
"27","Rental Expense","Cash Payment - Rental - San Francisco","4480"
"27","Rental Expense","Cash Payment - Rental - Washington, D.C.","4880"
"27","Rental Expense","Cash Payment - Rental - Detroit","1200"
"27","Rental Expense","Cash Payment - Rental - Chicago","2960"
"26","Salary Expense","Cash Payment - Salary Expense","23932"
"26","Shipping Expense","Cash Payment - Shipping Expense - WEB SO : 3851","52"
"26","Shipping Expense","Cash Payment - Shipping Expense - WEB SO : 3869","138"
"26","Penalty Expense","Cash Payment - Late penalty - SRV SO ID: 931","4400"
"26","Interest Expense ","Cash Payment - Interest - For Overdraft","3323"
"26","Depreciation Expense","Non-Cash Expense - Depreciation","6666"
"26","Rental Expense","Cash Payment - Rental - Los Angeles","1200"
"26","Rental Expense","Cash Payment - Rental - New York","5360"
"26","Rental Expense","Cash Payment - Rental - San Francisco","4480"
"26","Rental Expense","Cash Payment - Rental - Washington, D.C.","4880"
"26","Rental Expense","Cash Payment - Rental - Detroit","1200"
"26","Rental Expense","Cash Payment - Rental - Chicago","2960"
"25","Salary Expense","Cash Payment - Salary Expense","23932"
"25","Shipping Expense","Cash Payment - Shipping Expense - WEB SO : 3559","185"
"25","Shipping Expense","Cash Payment - Shipping Expense - WEB SO : 3682","62"
"25","Interest Expense ","Cash Payment - Interest - For Overdraft","3323"
"25","Depreciation Expense","Non-Cash Expense - Depreciation","6666"
"25","Rental Expense","Cash Payment - Rental - Los Angeles","1200"
"25","Rental Expense","Cash Payment - Rental - New York","5360"
"25","Rental Expense","Cash Payment - Rental - San Francisco","4480"
"25","Rental Expense","Cash Payment - Rental - Washington, D.C.","4880"
"25","Rental Expense","Cash Payment - Rental - Detroit","1200"
"25","Rental Expense","Cash Payment - Rental - Chicago","2960"
"24","Marketing Expense","Cash Payment - Marketing Report Subscription","20000"
"24","Salary Expense","Cash Payment - Salary Expense","23842"
"24","Shipping Expense","Cash Payment - Shipping Expense - WEB SO : 3343","206"
"24","Shipping Expense","Cash Payment - Shipping Expense - WEB SO : 3497","21"
"24","Shipping Expense","Cash Payment - Shipping Expense - WEB SO : 3512","291"
"24","Penalty Expense","Cash Payment - Late penalty - SRV SO ID: 785","2200"
"24","Interest Expense ","Cash Payment - Interest - For Overdraft","3323"
"24","Depreciation Expense","Non-Cash Expense - Depreciation","6666"
"24","Rental Expense","Cash Payment - Rental - Los Angeles","1200"
"24","Rental Expense","Cash Payment - Rental - New York","5360"
"24","Rental Expense","Cash Payment - Rental - San Francisco","4480"
"24","Rental Expense","Cash Payment - Rental - Washington, D.C.","4880"
"24","Rental Expense","Cash Payment - Rental - Detroit","1200"
"24","Rental Expense","Cash Payment - Rental - Chicago","2960"
"23","Human Resource Expense","Attended Training","15000"
"23","Human Resource Expense","Attended Training","15000"
"23","Human Resource Expense","Attended Training","15000"
"23","Marketing Expense","Cash Payment - Marketing Report Subscription","20000"
"23","Salary Expense","Cash Payment - Salary Expense","23824"
"23","Shipping Expense","Cash Payment - Shipping Expense - WEB SO : 3285","93"
"23","Shipping Expense","Cash Payment - Shipping Expense - WEB SO : 3335","166"
"23","Penalty Expense","Cash Payment - Late penalty - SRV SO ID: 340","2200"
"23","Interest Expense ","Cash Payment - Interest - For Overdraft","2536"
"23","Depreciation Expense","Non-Cash Expense - Depreciation","6666"
"23","Rental Expense","Cash Payment - Rental - Los Angeles","1200"
"23","Rental Expense","Cash Payment - Rental - New York","5360"
"23","Rental Expense","Cash Payment - Rental - San Francisco","4480"
"23","Rental Expense","Cash Payment - Rental - Washington, D.C.","4880"
"23","Rental Expense","Cash Payment - Rental - Detroit","1200"
"23","Rental Expense","Cash Payment - Rental - Chicago","2960"
"22","Marketing Expense","Cash Payment - Marketing Report Subscription","20000"
"22","Salary Expense","Cash Payment - Salary Expense","23680"
"22","Shipping Expense","Cash Payment - Shipping Expense - WEB SO : 3010","236"
"22","Maintenance Expense","Cash Payment - Maintenance periodic Machine ID: 328","15000"
"22","Penalty Expense","Cash Payment - Late penalty - SRV SO ID: 245","3300"
"22","Interest Expense ","Cash Payment - Interest - For Overdraft","3564"
"22","Depreciation Expense","Non-Cash Expense - Depreciation","6666"
"22","Rental Expense","Cash Payment - Rental - Los Angeles","1200"
"22","Rental Expense","Cash Payment - Rental - New York","5360"
"22","Rental Expense","Cash Payment - Rental - San Francisco","4480"
"22","Rental Expense","Cash Payment - Rental - Washington, D.C.","4880"
"22","Rental Expense","Cash Payment - Rental - Detroit","1200"
"22","Rental Expense","Cash Payment - Rental - Chicago","2960"
"21","Human Resource Expense","Counselled","2000"
"21","Human Resource Expense","Attended Training","15000"
"21","Human Resource Expense","Attended Training","15000"
"21","Human Resource Expense","Attended Training","15000"
"21","Human Resource Expense","Attended Training","15000"
"21","Salary Expense","Cash Payment - Salary Expense","23464"
"21","Shipping Expense","Cash Payment - Shipping Expense - WEB SO : 2934","278"
"21","Shipping Expense","Cash Payment - Shipping Expense - WEB SO : 2953","201"
"21","Maintenance Expense","Cash Payment - Maintenance periodic Machine ID: 342","15000"
"21","Interest Expense ","Cash Payment - Interest - For Overdraft","1926"
"21","Depreciation Expense","Non-Cash Expense - Depreciation","6666"
"21","Rental Expense","Cash Payment - Rental - Los Angeles","1200"
"21","Rental Expense","Cash Payment - Rental - New York","5360"
"21","Rental Expense","Cash Payment - Rental - San Francisco","4480"
"21","Rental Expense","Cash Payment - Rental - Washington, D.C.","4880"
"21","Rental Expense","Cash Payment - Rental - Detroit","1200"
"21","Rental Expense","Cash Payment - Rental - Chicago","2960"
"20","Salary Expense","Cash Payment - Salary Expense","22816"
"20","Shipping Expense","Cash Payment - Shipping Expense - WEB SO : 2767","248"
"20","Shipping Expense","Cash Payment - Shipping Expense - WEB SO : 2778","323"
"20","Shipping Expense","Cash Payment - Shipping Expense - WEB SO : 2785","133"
"20","Shipping Expense","Cash Payment - Shipping Expense - WEB SO : 2787","217"
"20","Interest Expense ","Cash Payment - Interest - For Overdraft","3981"
"20","Depreciation Expense","Non-Cash Expense - Depreciation","6666"
"20","Rental Expense","Cash Payment - Rental - Los Angeles","1200"
"20","Rental Expense","Cash Payment - Rental - New York","5360"
"20","Rental Expense","Cash Payment - Rental - San Francisco","4480"
"20","Rental Expense","Cash Payment - Rental - Washington, D.C.","4880"
"20","Rental Expense","Cash Payment - Rental - Detroit","1200"
"20","Rental Expense","Cash Payment - Rental - Chicago","2960"
"19","Salary Expense","Cash Payment - Salary Expense","22816"
"19","Shipping Expense","Cash Payment - Shipping Expense - WEB SO : 2586","206"
"19","Shipping Expense","Cash Payment - Shipping Expense - WEB SO : 2600","159"
"19","Interest Expense ","Cash Payment - Interest - For Overdraft","3596"
"19","Depreciation Expense","Non-Cash Expense - Depreciation","6666"
"19","Rental Expense","Cash Payment - Rental - Los Angeles","1200"
"19","Rental Expense","Cash Payment - Rental - New York","5360"
"19","Rental Expense","Cash Payment - Rental - San Francisco","4480"
"19","Rental Expense","Cash Payment - Rental - Washington, D.C.","4880"
"19","Rental Expense","Cash Payment - Rental - Detroit","1200"
"19","Rental Expense","Cash Payment - Rental - Chicago","2960"
"18","Salary Expense","Cash Payment - Salary Expense","22816"
"18","Shipping Expense","Cash Payment - Shipping Expense - WEB SO : 2270","8"
"18","Shipping Expense","Cash Payment - Shipping Expense - WEB SO : 2426","173"
"18","Shipping Expense","Cash Payment - Shipping Expense - WEB SO : 2434","116"
"18","Interest Expense ","Cash Payment - Interest - For Overdraft","3082"
"18","Depreciation Expense","Non-Cash Expense - Depreciation","6666"
"18","Rental Expense","Cash Payment - Rental - Los Angeles","1200"
"18","Rental Expense","Cash Payment - Rental - New York","5360"
"18","Rental Expense","Cash Payment - Rental - San Francisco","4480"
"18","Rental Expense","Cash Payment - Rental - Washington, D.C.","4880"
"18","Rental Expense","Cash Payment - Rental - Detroit","1200"
"18","Rental Expense","Cash Payment - Rental - Chicago","2960"
"17","Human Resource Expense","Attended Training","15000"
"17","Human Resource Expense","Attended Training","15000"
"17","Salary Expense","Cash Payment - Salary Expense","22816"
"17","Interest Expense ","Cash Payment - Interest - For Overdraft","3082"
"17","Depreciation Expense","Non-Cash Expense - Depreciation","6666"
"17","Rental Expense","Cash Payment - Rental - Los Angeles","1200"
"17","Rental Expense","Cash Payment - Rental - New York","5360"
"17","Rental Expense","Cash Payment - Rental - San Francisco","4480"
"17","Rental Expense","Cash Payment - Rental - Washington, D.C.","4880"
"17","Rental Expense","Cash Payment - Rental - Detroit","1200"
"17","Rental Expense","Cash Payment - Rental - Chicago","2960"
"16","Salary Expense","Cash Payment - Salary Expense","22816"
"16","Shipping Expense","Cash Payment - Shipping Expense - WEB SO : 2021","137"
"16","Shipping Expense","Cash Payment - Shipping Expense - WEB SO : 2095","179"
"16","Interest Expense ","Cash Payment - Interest - For Overdraft","3211"
"16","Depreciation Expense","Non-Cash Expense - Depreciation","6666"
"16","Rental Expense","Cash Payment - Rental - Los Angeles","1200"
"16","Rental Expense","Cash Payment - Rental - New York","5360"
"16","Rental Expense","Cash Payment - Rental - San Francisco","4480"
"16","Rental Expense","Cash Payment - Rental - Washington, D.C.","4880"
"16","Rental Expense","Cash Payment - Rental - Detroit","1200"
"16","Rental Expense","Cash Payment - Rental - Chicago","2960"
"15","Human Resource Expense","Attended Training","15000"
"15","Human Resource Expense","Attended Training","15000"
"15","Salary Expense","Cash Payment - Salary Expense","22816"
"15","Shipping Expense","Cash Payment - Shipping Expense - WEB SO : 1825","305"
"15","Shipping Expense","Cash Payment - Shipping Expense - WEB SO : 1928","124"
"15","Interest Expense ","Cash Payment - Interest - For Overdraft","2312"
"15","Depreciation Expense","Non-Cash Expense - Depreciation","6666"
"15","Rental Expense","Cash Payment - Rental - Los Angeles","1200"
"15","Rental Expense","Cash Payment - Rental - New York","5360"
"15","Rental Expense","Cash Payment - Rental - San Francisco","4480"
"15","Rental Expense","Cash Payment - Rental - Washington, D.C.","4880"
"15","Rental Expense","Cash Payment - Rental - Detroit","1200"
"15","Rental Expense","Cash Payment - Rental - Chicago","2960"
"14","Human Resource Expense","Attended Training","15000"
"14","Human Resource Expense","Attended Training","15000"
"14","Human Resource Expense","Counselled","2000"
"14","Salary Expense","Cash Payment - Salary Expense","22726"
"14","Shipping Expense","Cash Payment - Shipping Expense - WEB SO : 1640","285"
"14","Shipping Expense","Cash Payment - Shipping Expense - WEB SO : 1778","327"
"14","Interest Expense ","Cash Payment - Interest - For Overdraft","2312"
"14","Depreciation Expense","Non-Cash Expense - Depreciation","6666"
"14","Rental Expense","Cash Payment - Rental - Los Angeles","1200"
"14","Rental Expense","Cash Payment - Rental - New York","5360"
"14","Rental Expense","Cash Payment - Rental - San Francisco","4480"
"14","Rental Expense","Cash Payment - Rental - Washington, D.C.","4880"
"14","Rental Expense","Cash Payment - Rental - Detroit","1200"
"14","Rental Expense","Cash Payment - Rental - Chicago","2960"
"13","Salary Expense","Cash Payment - Salary Expense","22708"
"13","Shipping Expense","Cash Payment - Shipping Expense - WEB SO : 1626","7"
"13","Interest Expense ","Cash Payment - Interest - For Overdraft","2055"
"13","Depreciation Expense","Non-Cash Expense - Depreciation","6666"
"13","Rental Expense","Cash Payment - Rental - Los Angeles","1200"
"13","Rental Expense","Cash Payment - Rental - New York","5360"
"13","Rental Expense","Cash Payment - Rental - San Francisco","4480"
"13","Rental Expense","Cash Payment - Rental - Washington, D.C.","4880"
"13","Rental Expense","Cash Payment - Rental - Detroit","1200"
"13","Rental Expense","Cash Payment - Rental - Chicago","2960"
"12","Salary Expense","Cash Payment - Salary Expense","22564"
"12","Shipping Expense","Cash Payment - Shipping Expense - WEB SO : 1311","205"
"12","Shipping Expense","Cash Payment - Shipping Expense - WEB SO : 1456","277"
"12","Shipping Expense","Cash Payment - Shipping Expense - WEB SO : 1468","106"
"12","Interest Expense ","Cash Payment - Interest - For Overdraft","4110"
"12","Depreciation Expense","Non-Cash Expense - Depreciation","6666"
"12","Rental Expense","Cash Payment - Rental - Los Angeles","1200"
"12","Rental Expense","Cash Payment - Rental - New York","5360"
"12","Rental Expense","Cash Payment - Rental - San Francisco","4480"
"12","Rental Expense","Cash Payment - Rental - Washington, D.C.","4880"
"12","Rental Expense","Cash Payment - Rental - Detroit","1200"
"12","Rental Expense","Cash Payment - Rental - Chicago","2960"
"11","Salary Expense","Cash Payment - Salary Expense","22348"
"11","Shipping Expense","Cash Payment - Shipping Expense - WEB SO : 1227","198"
"11","Shipping Expense","Cash Payment - Shipping Expense - WEB SO : 1296","233"
"11","Interest Expense ","Cash Payment - Interest - For Overdraft","4110"
"11","Depreciation Expense","Non-Cash Expense - Depreciation","6666"
"11","Rental Expense","Cash Payment - Rental - Los Angeles","1200"
"11","Overflow Expense - Retail","Cash Payment - Overflow Fee  - New York","1500"
"11","Rental Expense","Cash Payment - Rental - New York","5360"
"11","Rental Expense","Cash Payment - Rental - San Francisco","4480"
"11","Rental Expense","Cash Payment - Rental - Washington, D.C.","4880"
"11","Rental Expense","Cash Payment - Rental - Detroit","1200"
"11","Rental Expense","Cash Payment - Rental - Chicago","2960"
"10","Salary Expense","Cash Payment - Salary Expense","21700"
"10","Shipping Expense","Cash Payment - Shipping Expense - WEB SO : 964","157"
"10","Shipping Expense","Cash Payment - Shipping Expense - WEB SO : 1109","180"
"10","Shipping Expense","Cash Payment - Shipping Expense - WEB SO : 1126","224"
"10","Interest Expense ","Cash Payment - Interest - For Overdraft","4110"
"10","Depreciation Expense","Non-Cash Expense - Depreciation","6666"
"10","Rental Expense","Cash Payment - Rental - Los Angeles","1200"
"10","Overflow Expense - Retail","Cash Payment - Overflow Fee  - New York","3975"
"10","Rental Expense","Cash Payment - Rental - New York","5360"
"10","Rental Expense","Cash Payment - Rental - San Francisco","4480"
"10","Rental Expense","Cash Payment - Rental - Washington, D.C.","4880"
"10","Rental Expense","Cash Payment - Rental - Detroit","1200"
"10","Rental Expense","Cash Payment - Rental - Chicago","2960"
"9","Human Resource Expense","Attended Training","15000"
"9","Human Resource Expense","Counselled","2000"
"9","Human Resource Expense","Attended Training","15000"
"9","Salary Expense","Cash Payment - Salary Expense","21700"
"9","Shipping Expense","Cash Payment - Shipping Expense - WEB SO : 815","191"
"9","Shipping Expense","Cash Payment - Shipping Expense - WEB SO : 955","208"
"9","Interest Expense ","Cash Payment - Interest - For Overdraft","4110"
"9","Depreciation Expense","Non-Cash Expense - Depreciation","6666"
"9","Rental Expense","Cash Payment - Rental - Los Angeles","1200"
"9","Overflow Expense - Retail","Cash Payment - Overflow Fee  - New York","7050"
"9","Rental Expense","Cash Payment - Rental - New York","5360"
"9","Rental Expense","Cash Payment - Rental - San Francisco","4480"
"9","Rental Expense","Cash Payment - Rental - Washington, D.C.","4880"
"9","Rental Expense","Cash Payment - Rental - Detroit","1200"
"9","Rental Expense","Cash Payment - Rental - Chicago","2960"
"8","Human Resource Expense","Attended Training","15000"
"8","Shipping Expense","Cash Payment - Shipping Expense - WEB SO : 801","81"
"8","Interest Expense ","Cash Payment - Interest - For Overdraft","4110"
"8","Depreciation Expense","Non-Cash Expense - Depreciation","6666"
"8","Rental Expense","Cash Payment - Rental - Los Angeles","1200"
"8","Overflow Expense - Retail","Cash Payment - Overflow Fee  - New York","7350"
"8","Rental Expense","Cash Payment - Rental - New York","5360"
"8","Rental Expense","Cash Payment - Rental - San Francisco","4480"
"8","Rental Expense","Cash Payment - Rental - Washington, D.C.","4880"
"8","Rental Expense","Cash Payment - Rental - Detroit","1200"
"8","Rental Expense","Cash Payment - Rental - Chicago","2960"
"7","Salary Expense","Cash Payment - Salary Expense","21700"
"7","Shipping Expense","Cash Payment - Shipping Expense - WEB SO : 503","120"
"7","Shipping Expense","Cash Payment - Shipping Expense - WEB SO : 635","249"
"7","Shipping Expense","Cash Payment - Shipping Expense - WEB SO : 650","255"
"7","Interest Expense ","Cash Payment - Interest - For Overdraft","4110"
"7","Depreciation Expense","Non-Cash Expense - Depreciation","6666"
"7","Rental Expense","Cash Payment - Rental - Los Angeles","1200"
"7","Overflow Expense - Retail","Cash Payment - Overflow Fee  - New York","7950"
"7","Rental Expense","Cash Payment - Rental - New York","5360"
"7","Rental Expense","Cash Payment - Rental - San Francisco","4480"
"7","Rental Expense","Cash Payment - Rental - Washington, D.C.","4880"
"7","Rental Expense","Cash Payment - Rental - Detroit","1200"
"7","Rental Expense","Cash Payment - Rental - Chicago","2960"
"6","Salary Expense","Cash Payment - Salary Expense","21700"
"6","Interest Expense ","Cash Payment - Interest - For Overdraft","4110"
"6","Depreciation Expense","Non-Cash Expense - Depreciation","6666"
"6","Rental Expense","Cash Payment - Rental - Los Angeles","1200"
"6","Overflow Expense - Retail","Cash Payment - Overflow Fee  - New York","7725"
"6","Rental Expense","Cash Payment - Rental - New York","5360"
"6","Rental Expense","Cash Payment - Rental - San Francisco","4480"
"6","Rental Expense","Cash Payment - Rental - Washington, D.C.","4880"
"6","Rental Expense","Cash Payment - Rental - Detroit","1200"
"6","Rental Expense","Cash Payment - Rental - Chicago","2960"
"5","Human Resource Expense","Cash Payment - Staff Recruiting - Production","15000"
"5","Human Resource Expense","Cash Payment - Staff Recruiting - Chicago","60000"
"5","Salary Expense","Cash Payment - Salary Expense","21700"
"5","Shipping Expense","Cash Payment - Shipping Expense - WEB SO : 290","183"
"5","Interest Expense ","Cash Payment - Interest - For Overdraft","4110"
"5","Depreciation Expense","Non-Cash Expense - Depreciation","6666"
"5","Rental Expense","Cash Payment - Rental - Los Angeles","1200"
"5","Overflow Expense - Retail","Cash Payment - Overflow Fee  - New York","8100"
"5","Rental Expense","Cash Payment - Rental - New York","5360"
"5","Rental Expense","Cash Payment - Rental - San Francisco","4480"
"5","Rental Expense","Cash Payment - Rental - Washington, D.C.","4880"
"5","Rental Expense","Cash Payment - Rental - Detroit","1200"
"5","Rental Expense","Cash Payment - Rental - Chicago","2960"
"4","Human Resource Expense","Cash Payment - Staff Recruiting - Production","15000"
"4","Human Resource Expense","Attended Training","15000"
"4","Human Resource Expense","Attended Training","15000"
"4","Salary Expense","Cash Payment - Salary Expense","19950"
"4","Interest Expense ","Cash Payment - Interest - For Overdraft","2055"
"4","Depreciation Expense","Non-Cash Expense - Depreciation","3333"
"4","Rental Expense","Cash Payment - Rental - Los Angeles","1200"
"4","Rental Expense","Cash Payment - Rental - New York","5360"
"4","Rental Expense","Cash Payment - Rental - San Francisco","4480"
"4","Rental Expense","Cash Payment - Rental - Washington, D.C.","4880"
"4","Rental Expense","Cash Payment - Rental - Detroit","1200"
"3","Human Resource Expense","Cash Payment - Staff Recruiting - Washington, D.C.","60000"
"3","Human Resource Expense","Cash Payment - Staff Recruiting - Detroit","60000"
"3","Salary Expense","Cash Payment - Salary Expense","19600"
"3","Rental Expense","Cash Payment - Rental - Los Angeles","1200"
"3","Rental Expense","Cash Payment - Rental - New York","5360"
"3","Rental Expense","Cash Payment - Rental - San Francisco","4480"
"3","Rental Expense","Cash Payment - Rental - Washington, D.C.","4880"
"3","Rental Expense","Cash Payment - Rental - Detroit","1200"
"2","Human Resource Expense","Cash Payment - Staff Recruiting - Los Angeles","60000"
"2","Human Resource Expense","Cash Payment - Staff Recruiting - New York","60000"
"2","Human Resource Expense","Cash Payment - Staff Recruiting - San Francisco","60000"
"2","Salary Expense","Cash Payment - Salary Expense","16800"
"2","Rental Expense","Cash Payment - Rental - Los Angeles","1200"
"2","Rental Expense","Cash Payment - Rental - New York","5360"
"2","Rental Expense","Cash Payment - Rental - San Francisco","4480"
"1","Salary Expense","Cash Payment - Salary Expense","12600"